﻿{
  "xAsixCategories": [ "04/01", "04/15", "05/01", "05/15", "06/01", "06/15", "07/01", "07/15", "08/01", "08/15", "09/01", "09/15", "10/01" ],
  "VerticalLines": [
    {
      "color": "lightgray",
      "width": 1,
      "value": 0
    },
    {
      "color": "lightgray",
      "width": 1,
      "value": 1
    },
    {
      "color": "lightgray",
      "width": 1,
      "value": 2
    },
    { 
      "color": "lightgray",
      "width": 1,
      "value": 3
    },
    { 
      "color": "lightgray",
      "width": 1,
      "value": 4
    },
    {
      "color": "lightgray",
      "width": 1,
      "value": 5
    },
    { 
      "color": "lightgray",
      "width": 1,
      "value": 6
    },
    { 
      "color": "lightgray",
      "width": 1,
      "value": 7
    },
    { 
      "color": "lightgray",
      "width": 1,
      "value": 8
    },
    { 
      "color": "lightgray",
      "width": 1,
      "value": 9
    },
    { 
      "color": "lightgray",
      "width": 1,
      "value": 10
    },
    { 
      "color": "lightgray",
      "width": 1,
      "value": 11
    },
    { 
      "color": "lightgray",
      "width": 1,
      "value": 12
    }
  ],
  "HorizontalLines": [
    {
      "color": "#B4B282",
      "width": 3,
      "value": 73,
      "dashStyle": "Dash"
    }
  ],
  "Min": 60,
  "Max": 100,
  "Interval": 5,
  "Data": {
    "Graph1": [
      {
        "name": "バッテリー1",
        "color": "#4A7EBB",
        "data": [ 99, 99, 98, 98, 98, 98, 98, 98, 96, 97, 97, 98, 98 ]
      },
      { 
        "name": "バッテリー2",
        "color": "#BE4B48",
        "data": [ 96, 96, 96, 94, 94, 94, 94, 93, 93, 93, 85, 85, 83 ]
      }
    ],
    "Graph2": [
      {
        "name": "バッテリー1",
        "color": "#4A7EBB",
        "data": [ 84, 84, 90, 93, 90, 99, 81, 92, 81, 88, 87, 94, 91 ]
      },
      {
        "name": "バッテリー2",
        "color": "#BE4B48",
        "data": [ 97, 85, 94, 81, 100, 97, 86, 92, 83, 90, 86, 94, 86 ]
      }
    ],
    "Graph3": [
      {
        "name": "バッテリー1",
        "color": "#4A7EBB",
        "data": [ 88, 95, 96, 96, 92, 84, 99, 81, 100, 94, 81, 96, 96 ]
      },
      {
        "name": "バッテリー2",
        "color": "#BE4B48",
        "data": [ 89, 99, 80, 97, 98, 90, 85, 94, 98, 85, 89, 83, 91 ]
      }
    ]
  }
}